viaje,local,planta,fecha
1,"Local 1","Planta B",2023-05-04 09:00:00.000
2,"Local 2","Planta B",2023-05-04 09:00:00.000
3,"Local 1","Planta B",2023-05-11 09:00:00.000
4,"Local 1","Planta B",2023-05-19 09:00:00.000
5,"Local 1","Planta B",2023-05-04 09:00:00.000
6,"Local 2","Planta B",2023-05-04 09:00:00.000
7,"Local 1","Planta B",2023-05-11 09:00:00.000
8,"Local 1","Planta B",2023-05-19 09:00:00.000
9,"Local 1","Planta B",2023-05-04 09:00:00.000
10,"Local 2","Planta B",2023-05-04 09:00:00.000
11,"Local 1","Planta B",2023-05-11 09:00:00.000
12,"Local 1","Planta B",2023-05-19 09:00:00.000
13,"Local 1","Planta B",2023-05-04 09:00:00.000
14,"Local 1","Planta B",2023-05-04 09:00:00.000
15,"Local 1","Planta B",2023-05-11 09:00:00.000
16,"Local 1","Planta B",2023-05-19 09:00:00.000
17,"Local 12","Planta E",2022-12-05 19:36:00.000
18,"Local 5","Planta A",2022-05-16 21:04:00.000
19,"Local 1","Planta D",2022-12-22 03:09:00.000
20,"Local 9","Planta A",2022-03-22 10:50:00.000
21,"Local 8","Planta E",2022-06-05 03:23:00.000
22,"Local 12","Planta D",2022-04-12 20:55:00.000
23,"Local 14","Planta A",2022-04-04 18:41:00.000
24,"Local 7","Planta A",2022-04-09 07:06:00.000
25,"Local 7","Planta C",2022-07-27 03:20:00.000
26,"Local 7","Planta D",2022-04-20 08:30:00.000
27,"Local 4","Planta A",2022-05-11 19:49:00.000
28,"Local 7","Planta E",2022-02-07 00:49:00.000
29,"Local 2","Planta A",2022-11-29 10:49:00.000
30,"Local 7","Planta D",2022-11-05 14:48:00.000
31,"Local 1","Planta E",2022-02-06 01:38:00.000
32,"Local 5","Planta C",2022-06-04 13:13:00.000
33,"Local 12","Planta C",2022-07-24 17:49:00.000
34,"Local 3","Planta D",2022-05-10 06:15:00.000
35,"Local 2","Planta B",2022-04-28 16:48:00.000
36,"Local 14","Planta A",2022-04-03 16:11:00.000
37,"Local 11","Planta C",2022-08-27 10:03:00.000
38,"Local 7","Planta E",2022-12-25 04:33:00.000
39,"Local 3","Planta B",2022-11-04 21:50:00.000
40,"Local 5","Planta E",2022-01-14 02:30:00.000
41,"Local 3","Planta A",2022-04-04 03:47:00.000
42,"Local 14","Planta A",2022-12-12 15:24:00.000
43,"Local 7","Planta B",2022-01-12 07:04:00.000
44,"Local 6","Planta B",2022-05-18 18:20:00.000
45,"Local 3","Planta D",2022-01-18 14:58:00.000
46,"Local 3","Planta C",2022-05-29 16:58:00.000
47,"Local 15","Planta B",2022-08-21 13:53:00.000
48,"Local 2","Planta E",2022-10-05 02:40:00.000
49,"Local 8","Planta B",2022-10-18 00:21:00.000
50,"Local 5","Planta B",2022-08-01 09:15:00.000
51,"Local 8","Planta C",2022-05-30 00:18:00.000
52,"Local 13","Planta D",2022-06-01 00:42:00.000
53,"Local 8","Planta E",2022-06-09 17:50:00.000
54,"Local 13","Planta E",2022-08-16 22:02:00.000
55,"Local 9","Planta E",2022-12-16 19:44:00.000
56,"Local 13","Planta A",2022-06-17 16:13:00.000
57,"Local 1","Planta A",2022-05-03 19:08:00.000
58,"Local 8","Planta A",2022-08-06 18:09:00.000
59,"Local 15","Planta A",2022-07-24 09:53:00.000
60,"Local 8","Planta E",2022-04-29 10:09:00.000
61,"Local 8","Planta B",2022-09-20 23:41:00.000
62,"Local 12","Planta E",2022-03-01 21:17:00.000
63,"Local 14","Planta C",2022-07-12 23:39:00.000
64,"Local 13","Planta E",2022-06-20 17:30:00.000
65,"Local 1","Planta B",2022-04-11 10:39:00.000
66,"Local 12","Planta C",2022-02-24 17:28:00.000
67,"Local 2","Planta B",2022-11-17 19:35:00.000
68,"Local 14","Planta E",2022-04-20 21:10:00.000
69,"Local 2","Planta B",2022-01-28 00:21:00.000
70,"Local 8","Planta A",2022-02-25 18:41:00.000
71,"Local 6","Planta B",2022-07-22 18:05:00.000
72,"Local 9","Planta E",2022-05-08 08:32:00.000
73,"Local 13","Planta E",2022-05-23 19:38:00.000
74,"Local 9","Planta D",2022-06-02 08:09:00.000
75,"Local 9","Planta D",2022-06-25 09:03:00.000
76,"Local 10","Planta D",2022-08-09 15:51:00.000
77,"Local 9","Planta A",2022-08-11 12:55:00.000
78,"Local 15","Planta B",2022-06-30 15:00:00.000
79,"Local 11","Planta B",2022-09-30 15:55:00.000
80,"Local 4","Planta E",2022-01-12 01:19:00.000
81,"Local 6","Planta E",2022-12-17 19:21:00.000
82,"Local 7","Planta B",2022-06-29 07:47:00.000
83,"Local 10","Planta B",2022-11-25 07:27:00.000
84,"Local 5","Planta E",2022-12-03 23:12:00.000
85,"Local 14","Planta A",2022-11-22 00:54:00.000
86,"Local 4","Planta C",2022-12-16 09:48:00.000
87,"Local 12","Planta C",2022-01-13 02:57:00.000
88,"Local 9","Planta E",2022-08-12 16:51:00.000
89,"Local 9","Planta A",2022-07-06 12:25:00.000
90,"Local 1","Planta A",2022-05-15 08:45:00.000
91,"Local 6","Planta C",2022-08-27 07:02:00.000
92,"Local 1","Planta D",2022-02-07 20:46:00.000
93,"Local 4","Planta E",2022-10-03 19:54:00.000
94,"Local 15","Planta E",2022-11-18 15:40:00.000
95,"Local 8","Planta E",2022-05-06 08:22:00.000
96,"Local 4","Planta D",2022-03-02 22:20:00.000
97,"Local 7","Planta B",2022-02-02 20:39:00.000
98,"Local 14","Planta D",2022-05-06 14:38:00.000
99,"Local 10","Planta A",2022-10-18 06:49:00.000
100,"Local 13","Planta B",2022-06-21 00:11:00.000
101,"Local 6","Planta C",2022-04-07 15:46:00.000
102,"Local 14","Planta E",2022-06-21 20:45:00.000
103,"Local 3","Planta E",2022-07-13 01:41:00.000
104,"Local 3","Planta D",2022-03-08 00:39:00.000
105,"Local 3","Planta C",2022-10-31 20:42:00.000
106,"Local 4","Planta C",2022-04-02 22:46:00.000
107,"Local 5","Planta A",2022-04-02 22:55:00.000
108,"Local 12","Planta D",2022-03-23 14:58:00.000
109,"Local 7","Planta E",2022-06-15 22:57:00.000
110,"Local 15","Planta D",2022-07-01 19:11:00.000
111,"Local 11","Planta E",2022-02-21 05:44:00.000
112,"Local 7","Planta B",2022-06-23 10:33:00.000
113,"Local 11","Planta E",2022-10-05 04:17:00.000
114,"Local 12","Planta C",2022-08-10 01:07:00.000
115,"Local 8","Planta A",2022-05-31 01:51:00.000
116,"Local 7","Planta A",2022-04-02 05:48:00.000
117,"Local 12","Planta D",2022-11-04 22:18:00.000
118,"Local 3","Planta A",2022-12-12 23:16:00.000
119,"Local 1","Planta E",2022-06-23 13:46:00.000
120,"Local 8","Planta A",2022-05-01 19:36:00.000
121,"Local 6","Planta C",2022-12-13 00:53:00.000
122,"Local 11","Planta E",2022-11-29 12:30:00.000
123,"Local 15","Planta A",2022-01-28 04:04:00.000
124,"Local 1","Planta C",2022-04-04 05:15:00.000
125,"Local 14","Planta E",2022-10-02 21:13:00.000
126,"Local 3","Planta A",2022-01-08 04:26:00.000
127,"Local 10","Planta E",2022-12-22 11:57:00.000
128,"Local 6","Planta D",2022-07-11 21:29:00.000
129,"Local 12","Planta E",2022-01-20 01:59:00.000
130,"Local 4","Planta A",2022-12-24 18:56:00.000
131,"Local 10","Planta B",2022-05-25 11:53:00.000
132,"Local 12","Planta E",2022-12-19 15:01:00.000
133,"Local 11","Planta B",2022-09-07 00:21:00.000
134,"Local 14","Planta E",2022-09-22 06:11:00.000
135,"Local 9","Planta D",2022-10-21 14:49:00.000
136,"Local 14","Planta A",2022-08-08 22:27:00.000
137,"Local 7","Planta E",2022-07-31 03:13:00.000
138,"Local 9","Planta D",2022-06-25 17:22:00.000
139,"Local 15","Planta E",2022-03-14 19:02:00.000
140,"Local 4","Planta C",2022-10-24 19:24:00.000
141,"Local 3","Planta C",2022-09-14 18:59:00.000
142,"Local 6","Planta B",2022-05-06 19:01:00.000
143,"Local 13","Planta B",2022-09-20 23:23:00.000
144,"Local 10","Planta C",2022-10-09 14:01:00.000
145,"Local 10","Planta D",2022-05-07 14:16:00.000
146,"Local 7","Planta C",2022-11-27 02:15:00.000
147,"Local 1","Planta D",2022-10-21 17:39:00.000
148,"Local 7","Planta A",2022-01-11 04:58:00.000
149,"Local 2","Planta D",2022-08-10 22:55:00.000
150,"Local 8","Planta C",2022-06-15 12:46:00.000
151,"Local 7","Planta C",2022-09-10 02:33:00.000
152,"Local 14","Planta A",2022-09-05 09:57:00.000
153,"Local 8","Planta E",2022-01-02 12:40:00.000
154,"Local 10","Planta C",2022-12-13 11:32:00.000
155,"Local 9","Planta C",2022-12-12 02:41:00.000
156,"Local 4","Planta C",2022-06-20 13:21:00.000
157,"Local 6","Planta E",2022-10-14 03:36:00.000
158,"Local 14","Planta E",2022-11-22 17:15:00.000
159,"Local 3","Planta A",2022-11-11 01:40:00.000
160,"Local 11","Planta D",2022-10-26 15:32:00.000
161,"Local 7","Planta E",2022-10-10 02:14:00.000
162,"Local 6","Planta D",2022-03-27 00:25:00.000
163,"Local 13","Planta D",2022-04-23 11:28:00.000
164,"Local 6","Planta E",2022-07-15 01:12:00.000
165,"Local 15","Planta A",2022-10-07 13:13:00.000
166,"Local 1","Planta C",2022-08-14 20:14:00.000
167,"Local 3","Planta A",2022-02-12 10:43:00.000
168,"Local 15","Planta C",2022-12-02 02:56:00.000
169,"Local 4","Planta D",2022-07-08 18:55:00.000
170,"Local 2","Planta D",2022-12-04 19:27:00.000
171,"Local 5","Planta A",2022-03-15 05:16:00.000
172,"Local 12","Planta A",2022-09-04 15:22:00.000
173,"Local 6","Planta A",2022-11-15 09:31:00.000
174,"Local 11","Planta C",2022-04-22 19:05:00.000
175,"Local 9","Planta C",2022-07-27 00:11:00.000
176,"Local 4","Planta E",2022-04-08 10:26:00.000
177,"Local 15","Planta C",2022-09-03 06:19:00.000
178,"Local 9","Planta A",2022-10-08 17:53:00.000
179,"Local 8","Planta B",2022-10-01 01:49:00.000
180,"Local 12","Planta E",2022-05-01 13:34:00.000
181,"Local 10","Planta C",2022-07-14 11:35:00.000
182,"Local 7","Planta C",2022-12-19 00:22:00.000
183,"Local 13","Planta C",2022-08-29 10:35:00.000
184,"Local 10","Planta C",2022-06-20 15:23:00.000
185,"Local 7","Planta E",2022-07-23 01:08:00.000
186,"Local 1","Planta A",2022-10-25 00:44:00.000
187,"Local 5","Planta C",2022-04-14 14:12:00.000
188,"Local 14","Planta E",2022-08-17 19:39:00.000
189,"Local 5","Planta A",2022-07-29 02:45:00.000
190,"Local 4","Planta E",2022-11-23 19:38:00.000
191,"Local 6","Planta E",2022-08-03 13:47:00.000
192,"Local 8","Planta E",2022-08-23 22:57:00.000
193,"Local 3","Planta C",2022-02-14 18:31:00.000
194,"Local 6","Planta D",2022-02-18 12:00:00.000
195,"Local 4","Planta C",2022-04-18 12:37:00.000
196,"Local 1","Planta E",2022-02-04 06:00:00.000
197,"Local 6","Planta D",2022-11-24 14:13:00.000
198,"Local 4","Planta D",2022-12-05 12:39:00.000
199,"Local 6","Planta A",2022-01-01 01:53:00.000
200,"Local 3","Planta C",2022-04-07 11:41:00.000
201,"Local 15","Planta A",2022-05-06 10:04:00.000
202,"Local 12","Planta D",2022-03-07 09:26:00.000
203,"Local 5","Planta A",2022-02-06 07:30:00.000
204,"Local 11","Planta A",2022-07-31 19:24:00.000
205,"Local 15","Planta C",2022-11-19 15:28:00.000
206,"Local 4","Planta D",2022-08-07 15:36:00.000
207,"Local 7","Planta C",2022-07-09 07:46:00.000
208,"Local 10","Planta D",2022-02-14 23:09:00.000
209,"Local 6","Planta C",2022-04-22 20:01:00.000
210,"Local 15","Planta E",2022-02-27 14:18:00.000
211,"Local 11","Planta D",2022-02-24 02:08:00.000
212,"Local 9","Planta E",2022-02-24 08:00:00.000
213,"Local 12","Planta E",2022-11-08 03:56:00.000
214,"Local 2","Planta D",2022-10-18 17:46:00.000
215,"Local 5","Planta C",2022-04-27 22:58:00.000
216,"Local 6","Planta B",2022-06-05 03:48:00.000
217,"Local 10","Planta C",2022-07-12 04:19:00.000
218,"Local 10","Planta A",2022-12-08 21:59:00.000
219,"Local 5","Planta B",2022-10-13 05:53:00.000
220,"Local 10","Planta B",2022-04-22 13:32:00.000
221,"Local 7","Planta D",2022-10-06 19:26:00.000
222,"Local 1","Planta D",2022-06-05 01:34:00.000
223,"Local 5","Planta B",2022-05-09 02:13:00.000
224,"Local 5","Planta D",2022-10-01 16:31:00.000
225,"Local 10","Planta D",2022-11-07 18:28:00.000
226,"Local 5","Planta A",2022-03-21 06:49:00.000
227,"Local 2","Planta C",2022-01-25 07:11:00.000
228,"Local 5","Planta A",2022-08-10 14:34:00.000
229,"Local 10","Planta D",2022-06-03 03:27:00.000
230,"Local 9","Planta E",2022-04-09 10:32:00.000
231,"Local 10","Planta C",2022-01-04 12:40:00.000
232,"Local 8","Planta D",2022-10-29 14:22:00.000
233,"Local 7","Planta B",2022-11-07 07:43:00.000
234,"Local 12","Planta C",2022-07-18 16:29:00.000
235,"Local 6","Planta B",2022-09-21 21:46:00.000
236,"Local 5","Planta C",2022-11-27 23:54:00.000
237,"Local 10","Planta B",2022-12-13 04:19:00.000
238,"Local 2","Planta E",2022-04-28 11:01:00.000
239,"Local 9","Planta A",2022-06-09 04:00:00.000
240,"Local 7","Planta C",2022-03-20 04:57:00.000
241,"Local 12","Planta E",2022-08-19 05:43:00.000
242,"Local 13","Planta A",2022-06-04 21:08:00.000
243,"Local 6","Planta B",2022-02-17 17:37:00.000
244,"Local 11","Planta A",2022-11-25 04:45:00.000
245,"Local 14","Planta B",2022-02-26 13:44:00.000
246,"Local 5","Planta C",2022-02-15 15:18:00.000
247,"Local 7","Planta B",2022-03-19 23:41:00.000
248,"Local 14","Planta B",2022-04-30 16:44:00.000
249,"Local 13","Planta D",2022-04-14 15:29:00.000
250,"Local 3","Planta C",2022-06-24 15:24:00.000
251,"Local 5","Planta E",2022-06-17 04:02:00.000
252,"Local 2","Planta A",2022-05-18 18:15:00.000
253,"Local 14","Planta E",2022-02-06 09:50:00.000
254,"Local 2","Planta B",2022-04-27 21:20:00.000
255,"Local 6","Planta A",2022-11-09 03:08:00.000
256,"Local 6","Planta B",2022-11-08 11:40:00.000
257,"Local 5","Planta D",2022-03-16 13:19:00.000
258,"Local 2","Planta D",2022-03-18 01:11:00.000
259,"Local 4","Planta C",2022-11-01 02:50:00.000
260,"Local 8","Planta D",2022-12-01 23:36:00.000
261,"Local 6","Planta E",2022-06-15 08:07:00.000
262,"Local 5","Planta E",2022-02-22 08:14:00.000
263,"Local 5","Planta B",2022-05-13 10:40:00.000
264,"Local 1","Planta B",2022-12-19 03:39:00.000
265,"Local 3","Planta B",2022-06-22 14:51:00.000
266,"Local 9","Planta A",2022-04-09 16:05:00.000
267,"Local 12","Planta E",2022-01-05 11:27:00.000
268,"Local 10","Planta A",2022-11-21 08:28:00.000
269,"Local 14","Planta B",2022-09-25 02:52:00.000
270,"Local 1","Planta B",2022-11-06 09:01:00.000
271,"Local 10","Planta C",2022-06-15 19:14:00.000
272,"Local 9","Planta B",2022-06-12 16:52:00.000
273,"Local 1","Planta D",2022-04-27 11:43:00.000
274,"Local 5","Planta A",2022-01-02 05:23:00.000
275,"Local 4","Planta D",2022-09-25 02:33:00.000
276,"Local 4","Planta A",2022-03-27 13:44:00.000
277,"Local 7","Planta C",2022-01-19 08:39:00.000
278,"Local 3","Planta A",2022-07-11 10:15:00.000
279,"Local 14","Planta D",2022-07-04 07:29:00.000
280,"Local 3","Planta E",2022-03-26 19:51:00.000
281,"Local 14","Planta A",2022-09-20 14:43:00.000
282,"Local 12","Planta C",2022-05-09 02:07:00.000
283,"Local 6","Planta D",2022-03-10 09:20:00.000
284,"Local 4","Planta A",2022-11-27 23:22:00.000
285,"Local 3","Planta E",2022-12-07 00:22:00.000
286,"Local 9","Planta D",2022-11-23 19:45:00.000
287,"Local 8","Planta A",2022-02-19 15:33:00.000
288,"Local 4","Planta B",2022-04-10 16:28:00.000
289,"Local 11","Planta A",2022-06-26 18:47:00.000
290,"Local 10","Planta B",2022-04-02 04:15:00.000
291,"Local 2","Planta D",2022-12-08 08:49:00.000
292,"Local 13","Planta E",2022-10-06 04:41:00.000
293,"Local 8","Planta D",2022-10-20 03:33:00.000
294,"Local 13","Planta E",2022-07-22 01:21:00.000
295,"Local 8","Planta A",2022-07-17 23:58:00.000
296,"Local 8","Planta A",2022-01-09 15:12:00.000
297,"Local 3","Planta E",2022-08-31 16:46:00.000
298,"Local 2","Planta D",2022-08-12 00:27:00.000
299,"Local 9","Planta C",2022-09-12 02:02:00.000
300,"Local 13","Planta A",2022-12-12 17:11:00.000
301,"Local 5","Planta A",2022-02-03 04:22:00.000
302,"Local 10","Planta A",2022-04-22 23:21:00.000
303,"Local 1","Planta B",2022-03-16 18:07:00.000
304,"Local 12","Planta E",2022-06-28 04:40:00.000
305,"Local 3","Planta B",2022-06-02 08:09:00.000
306,"Local 13","Planta B",2022-03-09 12:25:00.000
307,"Local 11","Planta E",2022-08-16 16:26:00.000
308,"Local 11","Planta C",2022-11-23 12:13:00.000
309,"Local 13","Planta E",2022-06-05 13:22:00.000
310,"Local 6","Planta D",2022-09-17 02:17:00.000
311,"Local 15","Planta A",2022-10-26 04:08:00.000
312,"Local 7","Planta B",2022-04-21 07:43:00.000
313,"Local 13","Planta D",2022-04-09 20:44:00.000
314,"Local 5","Planta C",2022-11-05 15:10:00.000
315,"Local 4","Planta A",2022-09-09 21:40:00.000
316,"Local 15","Planta C",2022-10-14 07:11:00.000
317,"Local 10","Planta E",2022-10-22 12:25:00.000
318,"Local 8","Planta A",2022-12-06 03:17:00.000
319,"Local 1","Planta E",2022-10-16 18:15:00.000
320,"Local 13","Planta B",2022-08-26 05:44:00.000
321,"Local 15","Planta B",2022-04-28 07:37:00.000
322,"Local 5","Planta D",2022-01-31 07:14:00.000
323,"Local 6","Planta A",2022-12-19 06:30:00.000
324,"Local 10","Planta C",2022-05-08 21:25:00.000
325,"Local 13","Planta E",2022-11-21 04:20:00.000
326,"Local 11","Planta D",2022-03-15 16:24:00.000
327,"Local 1","Planta D",2022-10-23 13:45:00.000
328,"Local 1","Planta D",2022-09-02 07:22:00.000
329,"Local 14","Planta D",2022-12-16 23:51:00.000
330,"Local 10","Planta B",2022-11-10 06:07:00.000
331,"Local 11","Planta E",2022-05-20 08:31:00.000
332,"Local 13","Planta A",2022-05-03 04:12:00.000
333,"Local 8","Planta E",2022-02-27 20:19:00.000
334,"Local 13","Planta D",2022-10-14 06:02:00.000
335,"Local 3","Planta D",2022-05-01 15:13:00.000
336,"Local 4","Planta C",2022-03-16 00:34:00.000
337,"Local 7","Planta D",2022-11-03 17:04:00.000
338,"Local 11","Planta E",2022-11-03 18:20:00.000
339,"Local 11","Planta A",2022-11-04 12:10:00.000
340,"Local 2","Planta B",2022-04-16 08:33:00.000
341,"Local 2","Planta C",2022-11-08 04:53:00.000
342,"Local 3","Planta B",2022-09-02 15:51:00.000
343,"Local 13","Planta E",2022-02-08 08:54:00.000
344,"Local 12","Planta B",2022-02-17 04:09:00.000
345,"Local 3","Planta B",2022-01-11 15:26:00.000
346,"Local 1","Planta E",2022-08-29 21:40:00.000
347,"Local 15","Planta D",2022-12-23 17:57:00.000
348,"Local 1","Planta A",2022-02-28 09:31:00.000
349,"Local 10","Planta C",2022-10-11 07:51:00.000
350,"Local 11","Planta A",2022-03-01 04:59:00.000
351,"Local 14","Planta D",2022-10-02 13:04:00.000
352,"Local 1","Planta A",2022-04-29 18:00:00.000
353,"Local 2","Planta E",2022-12-16 14:34:00.000
354,"Local 12","Planta C",2022-06-11 13:36:00.000
355,"Local 9","Planta A",2022-06-11 00:49:00.000
356,"Local 3","Planta A",2022-06-26 16:48:00.000
357,"Local 13","Planta D",2022-08-18 13:37:00.000
358,"Local 13","Planta E",2022-07-06 03:43:00.000
359,"Local 4","Planta B",2022-10-05 02:56:00.000
360,"Local 3","Planta D",2022-06-07 12:27:00.000
361,"Local 7","Planta B",2022-09-07 03:48:00.000
362,"Local 1","Planta C",2022-05-06 06:48:00.000
363,"Local 6","Planta C",2022-11-08 02:05:00.000
364,"Local 1","Planta C",2022-07-30 20:35:00.000
365,"Local 9","Planta E",2022-03-30 11:18:00.000
366,"Local 1","Planta C",2022-06-12 11:47:00.000
367,"Local 11","Planta C",2022-08-12 11:57:00.000
368,"Local 5","Planta B",2022-06-25 11:15:00.000
369,"Local 3","Planta B",2022-12-05 18:50:00.000
370,"Local 1","Planta A",2022-02-26 23:11:00.000
371,"Local 13","Planta E",2022-06-05 13:53:00.000
372,"Local 1","Planta A",2022-04-13 11:17:00.000
373,"Local 9","Planta A",2022-10-14 17:33:00.000
374,"Local 4","Planta A",2022-03-06 12:54:00.000
375,"Local 1","Planta A",2022-10-14 18:06:00.000
376,"Local 11","Planta D",2022-07-23 13:30:00.000
377,"Local 4","Planta D",2022-04-03 00:09:00.000
378,"Local 8","Planta D",2022-06-14 20:12:00.000
379,"Local 1","Planta B",2022-03-10 03:20:00.000
380,"Local 2","Planta C",2022-07-27 23:14:00.000
381,"Local 4","Planta B",2022-09-03 20:43:00.000
382,"Local 5","Planta D",2022-08-31 11:50:00.000
383,"Local 9","Planta C",2022-02-24 03:51:00.000
384,"Local 5","Planta D",2022-12-21 19:26:00.000
385,"Local 2","Planta A",2022-12-05 06:20:00.000
386,"Local 14","Planta A",2022-02-17 02:27:00.000
387,"Local 10","Planta B",2022-01-23 19:50:00.000
388,"Local 10","Planta B",2022-07-31 11:28:00.000
389,"Local 5","Planta D",2022-06-22 15:36:00.000
390,"Local 8","Planta E",2022-04-17 01:43:00.000
391,"Local 2","Planta B",2022-01-11 20:19:00.000
392,"Local 11","Planta A",2022-02-06 05:43:00.000
393,"Local 2","Planta E",2022-09-16 10:08:00.000
394,"Local 10","Planta D",2022-11-09 23:56:00.000
395,"Local 1","Planta E",2022-01-26 10:10:00.000
396,"Local 15","Planta D",2022-01-30 05:03:00.000
397,"Local 3","Planta E",2022-02-21 18:39:00.000
398,"Local 12","Planta D",2022-12-22 21:22:00.000
399,"Local 5","Planta C",2022-03-29 22:37:00.000
400,"Local 1","Planta D",2022-04-27 13:57:00.000
401,"Local 15","Planta B",2022-03-01 09:42:00.000
402,"Local 9","Planta C",2022-05-28 17:18:00.000
403,"Local 5","Planta C",2022-01-25 04:41:00.000
404,"Local 1","Planta C",2022-11-30 17:20:00.000
405,"Local 5","Planta A",2022-05-27 18:45:00.000
406,"Local 15","Planta D",2022-11-01 10:56:00.000
407,"Local 8","Planta B",2022-06-13 06:25:00.000
408,"Local 4","Planta A",2022-12-05 20:41:00.000
409,"Local 1","Planta D",2022-11-11 17:40:00.000
410,"Local 1","Planta A",2022-02-11 12:00:00.000
411,"Local 8","Planta C",2022-10-22 11:22:00.000
412,"Local 10","Planta D",2022-03-11 14:27:00.000
413,"Local 4","Planta C",2022-03-26 06:54:00.000
414,"Local 10","Planta E",2022-01-05 19:24:00.000
415,"Local 1","Planta C",2022-09-14 12:35:00.000
416,"Local 5","Planta E",2022-05-01 05:59:00.000
417,"Local 1","Planta D",2022-07-28 19:19:00.000
418,"Local 2","Planta D",2022-02-19 11:43:00.000
419,"Local 3","Planta B",2022-06-18 03:29:00.000
420,"Local 3","Planta E",2022-04-12 03:12:00.000
421,"Local 8","Planta A",2022-09-15 07:15:00.000
422,"Local 13","Planta D",2022-12-16 00:08:00.000
423,"Local 9","Planta E",2022-05-07 03:18:00.000
424,"Local 8","Planta E",2022-07-05 13:32:00.000
425,"Local 11","Planta E",2022-01-29 11:06:00.000
426,"Local 2","Planta E",2022-07-12 02:10:00.000
427,"Local 15","Planta B",2022-05-10 21:44:00.000
428,"Local 5","Planta E",2022-07-24 01:23:00.000
429,"Local 3","Planta A",2022-10-01 00:26:00.000
430,"Local 7","Planta C",2022-06-05 03:30:00.000
431,"Local 3","Planta A",2022-07-22 00:49:00.000
432,"Local 14","Planta B",2022-08-04 03:47:00.000
433,"Local 5","Planta B",2022-06-13 07:19:00.000
434,"Local 13","Planta D",2022-01-13 01:38:00.000
435,"Local 4","Planta A",2022-01-21 04:01:00.000
436,"Local 4","Planta C",2022-06-25 18:19:00.000
437,"Local 7","Planta A",2022-07-25 05:23:00.000
438,"Local 4","Planta A",2022-05-16 11:38:00.000
439,"Local 5","Planta B",2022-07-04 09:33:00.000
440,"Local 12","Planta C",2022-04-08 02:46:00.000
441,"Local 8","Planta A",2022-06-11 13:25:00.000
442,"Local 2","Planta B",2022-10-24 22:54:00.000
443,"Local 12","Planta A",2022-02-27 20:42:00.000
444,"Local 6","Planta A",2022-02-08 05:54:00.000
445,"Local 10","Planta B",2022-11-05 18:12:00.000
446,"Local 9","Planta C",2022-06-21 19:10:00.000
447,"Local 12","Planta C",2022-03-07 13:15:00.000
448,"Local 10","Planta A",2022-12-16 04:29:00.000
449,"Local 15","Planta B",2022-10-22 11:59:00.000
450,"Local 1","Planta E",2022-05-24 16:21:00.000
451,"Local 3","Planta A",2022-01-29 11:10:00.000
452,"Local 7","Planta D",2022-05-07 00:53:00.000
453,"Local 14","Planta A",2022-04-28 23:30:00.000
454,"Local 13","Planta B",2022-07-26 14:20:00.000
455,"Local 15","Planta C",2022-04-23 10:31:00.000
456,"Local 9","Planta D",2022-09-30 04:13:00.000
457,"Local 4","Planta E",2022-08-23 19:58:00.000
458,"Local 3","Planta E",2022-06-27 05:10:00.000
459,"Local 4","Planta B",2022-01-01 15:42:00.000
460,"Local 13","Planta A",2022-10-01 10:43:00.000
461,"Local 1","Planta B",2022-05-06 08:31:00.000
462,"Local 11","Planta D",2022-06-19 16:58:00.000
463,"Local 13","Planta B",2022-09-13 15:16:00.000
464,"Local 7","Planta A",2022-10-27 03:52:00.000
465,"Local 6","Planta B",2022-12-20 11:44:00.000
466,"Local 3","Planta E",2022-06-25 10:47:00.000
467,"Local 13","Planta C",2022-02-15 07:14:00.000
468,"Local 9","Planta C",2022-04-18 05:00:00.000
469,"Local 12","Planta E",2022-05-27 16:14:00.000
470,"Local 12","Planta C",2022-11-04 20:39:00.000
471,"Local 11","Planta A",2022-08-22 08:55:00.000
472,"Local 1","Planta D",2022-09-04 19:14:00.000
473,"Local 10","Planta A",2022-09-22 11:09:00.000
474,"Local 10","Planta A",2022-07-13 12:57:00.000
475,"Local 12","Planta B",2022-12-03 22:44:00.000
476,"Local 15","Planta B",2022-11-04 17:44:00.000
477,"Local 7","Planta E",2022-05-26 08:28:00.000
478,"Local 8","Planta A",2022-08-24 04:13:00.000
479,"Local 13","Planta E",2022-01-17 02:15:00.000
480,"Local 1","Planta B",2022-04-20 06:16:00.000
481,"Local 10","Planta B",2022-09-12 01:44:00.000
482,"Local 11","Planta A",2022-08-26 17:53:00.000
483,"Local 4","Planta D",2022-01-03 14:31:00.000
484,"Local 13","Planta A",2022-10-23 16:10:00.000
485,"Local 1","Planta A",2022-11-05 00:02:00.000
486,"Local 13","Planta C",2022-03-31 15:28:00.000
487,"Local 5","Planta B",2022-06-15 12:20:00.000
488,"Local 5","Planta A",2022-07-27 21:56:00.000
489,"Local 4","Planta A",2022-12-17 09:42:00.000
490,"Local 12","Planta C",2022-12-19 09:18:00.000
491,"Local 6","Planta A",2022-02-16 09:14:00.000
492,"Local 2","Planta E",2022-12-19 11:38:00.000
493,"Local 2","Planta A",2022-06-16 02:50:00.000
494,"Local 3","Planta E",2022-11-07 20:01:00.000
495,"Local 15","Planta C",2022-06-18 00:51:00.000
496,"Local 9","Planta E",2022-11-05 09:21:00.000
497,"Local 13","Planta D",2022-10-31 15:44:00.000
498,"Local 15","Planta A",2022-08-13 21:25:00.000
499,"Local 13","Planta D",2022-09-01 17:19:00.000
500,"Local 4","Planta D",2022-12-21 19:42:00.000
501,"Local 12","Planta D",2022-05-07 10:29:00.000
502,"Local 7","Planta E",2022-06-05 22:50:00.000
503,"Local 14","Planta D",2022-01-28 01:18:00.000
504,"Local 3","Planta D",2022-01-06 16:39:00.000
505,"Local 4","Planta C",2022-10-27 12:44:00.000
506,"Local 10","Planta A",2022-07-12 22:31:00.000
507,"Local 7","Planta B",2022-07-20 10:48:00.000
508,"Local 3","Planta B",2022-11-15 16:45:00.000
509,"Local 12","Planta E",2022-10-03 14:12:00.000
510,"Local 14","Planta D",2022-05-11 21:16:00.000
511,"Local 8","Planta E",2022-04-23 05:53:00.000
512,"Local 5","Planta B",2022-10-21 04:53:00.000
513,"Local 13","Planta C",2022-01-26 06:00:00.000
514,"Local 5","Planta A",2022-01-09 16:04:00.000
515,"Local 12","Planta D",2022-01-25 01:09:00.000
516,"Local 15","Planta A",2022-12-19 09:42:00.000
517,"Local 7","Planta E",2022-12-18 15:34:00.000
518,"Local 13","Planta A",2022-06-26 12:17:00.000
519,"Local 10","Planta D",2022-10-23 01:43:00.000
520,"Local 8","Planta E",2022-10-01 16:28:00.000
521,"Local 6","Planta E",2022-01-18 14:42:00.000
522,"Local 7","Planta B",2022-02-17 01:44:00.000
523,"Local 15","Planta D",2022-05-30 04:10:00.000
524,"Local 12","Planta A",2022-01-09 16:30:00.000
525,"Local 3","Planta C",2022-04-08 17:07:00.000
526,"Local 7","Planta C",2022-07-12 13:09:00.000
527,"Local 7","Planta E",2022-05-19 15:06:00.000
528,"Local 2","Planta E",2022-03-16 08:06:00.000
529,"Local 12","Planta C",2022-12-05 10:01:00.000
530,"Local 8","Planta B",2022-01-02 18:38:00.000
531,"Local 5","Planta B",2022-10-02 23:08:00.000
532,"Local 1","Planta A",2022-06-09 19:00:00.000
533,"Local 2","Planta B",2022-04-08 12:20:00.000
534,"Local 1","Planta A",2022-07-04 11:59:00.000
535,"Local 13","Planta A",2022-05-05 02:52:00.000
536,"Local 1","Planta C",2022-12-17 21:15:00.000
537,"Local 2","Planta D",2022-07-21 15:13:00.000
538,"Local 10","Planta A",2022-08-25 16:19:00.000
539,"Local 8","Planta A",2022-02-15 14:31:00.000
540,"Local 12","Planta A",2022-07-04 11:55:00.000
541,"Local 13","Planta E",2022-04-27 01:08:00.000
542,"Local 8","Planta C",2022-09-12 05:59:00.000
543,"Local 3","Planta E",2022-01-31 20:11:00.000
544,"Local 4","Planta E",2022-05-07 19:08:00.000
545,"Local 8","Planta A",2022-01-16 02:35:00.000
546,"Local 11","Planta D",2022-10-04 12:52:00.000
547,"Local 10","Planta E",2022-11-02 02:27:00.000
548,"Local 2","Planta B",2022-08-28 19:33:00.000
549,"Local 9","Planta A",2022-11-25 23:47:00.000
550,"Local 8","Planta A",2022-10-29 23:53:00.000
551,"Local 3","Planta A",2022-08-26 08:42:00.000
552,"Local 7","Planta D",2022-04-03 10:11:00.000
553,"Local 11","Planta C",2022-02-11 16:14:00.000
554,"Local 4","Planta E",2022-01-23 19:26:00.000
555,"Local 4","Planta A",2022-04-22 09:16:00.000
556,"Local 3","Planta D",2022-08-04 08:17:00.000
557,"Local 1","Planta C",2022-08-13 14:25:00.000
558,"Local 13","Planta E",2022-06-21 14:31:00.000
559,"Local 5","Planta C",2022-02-21 11:21:00.000
560,"Local 14","Planta E",2022-07-19 14:18:00.000
561,"Local 8","Planta D",2022-08-17 10:16:00.000
562,"Local 8","Planta E",2022-02-20 23:03:00.000
563,"Local 3","Planta C",2022-03-04 23:31:00.000
564,"Local 8","Planta B",2022-04-16 06:15:00.000
565,"Local 15","Planta E",2022-10-09 20:34:00.000
566,"Local 14","Planta C",2022-03-01 21:48:00.000
567,"Local 3","Planta D",2022-02-09 05:44:00.000
568,"Local 8","Planta E",2022-03-30 02:17:00.000
569,"Local 4","Planta E",2022-02-11 00:56:00.000
570,"Local 7","Planta A",2022-08-28 20:07:00.000
571,"Local 2","Planta B",2022-08-20 03:38:00.000
572,"Local 7","Planta E",2022-11-22 17:43:00.000
573,"Local 11","Planta C",2022-07-25 11:54:00.000
574,"Local 6","Planta E",2022-03-20 18:32:00.000
575,"Local 13","Planta B",2022-01-18 19:20:00.000
576,"Local 5","Planta B",2022-07-13 05:25:00.000
577,"Local 9","Planta E",2022-03-30 15:50:00.000
578,"Local 11","Planta E",2022-07-21 18:06:00.000
579,"Local 12","Planta A",2022-04-06 17:41:00.000
580,"Local 14","Planta D",2022-09-26 10:46:00.000
581,"Local 3","Planta D",2022-07-25 05:27:00.000
582,"Local 10","Planta E",2022-10-25 00:15:00.000
583,"Local 6","Planta A",2022-02-01 19:42:00.000
584,"Local 14","Planta B",2022-10-22 11:17:00.000
585,"Local 9","Planta D",2022-12-26 12:51:00.000
586,"Local 14","Planta B",2022-01-12 09:43:00.000
587,"Local 3","Planta B",2022-10-15 06:42:00.000
588,"Local 4","Planta B",2022-10-16 15:25:00.000
589,"Local 3","Planta D",2022-11-20 20:48:00.000
590,"Local 11","Planta D",2022-10-08 00:03:00.000
591,"Local 8","Planta A",2022-11-10 05:44:00.000
592,"Local 14","Planta E",2022-06-25 19:49:00.000
593,"Local 3","Planta C",2022-01-13 08:13:00.000
594,"Local 11","Planta B",2022-07-18 20:27:00.000
595,"Local 10","Planta D",2022-04-01 18:34:00.000
596,"Local 15","Planta B",2022-12-26 10:03:00.000
597,"Local 2","Planta A",2022-04-09 18:17:00.000
598,"Local 6","Planta B",2022-12-01 15:40:00.000
599,"Local 4","Planta D",2022-01-07 20:29:00.000
600,"Local 2","Planta B",2022-07-07 19:16:00.000
601,"Local 2","Planta D",2022-04-20 14:47:00.000
602,"Local 13","Planta A",2022-07-08 14:49:00.000
603,"Local 3","Planta E",2022-01-06 12:05:00.000
604,"Local 2","Planta D",2022-06-10 12:05:00.000
605,"Local 8","Planta C",2022-04-08 06:19:00.000
606,"Local 13","Planta E",2022-04-01 08:39:00.000
607,"Local 14","Planta E",2022-02-12 05:40:00.000
608,"Local 4","Planta D",2022-04-08 08:17:00.000
609,"Local 2","Planta C",2022-02-16 23:10:00.000
610,"Local 10","Planta A",2022-08-03 12:36:00.000
611,"Local 15","Planta D",2022-12-02 15:32:00.000
612,"Local 2","Planta E",2022-06-08 10:42:00.000
613,"Local 1","Planta C",2022-05-06 02:36:00.000
614,"Local 8","Planta D",2022-03-19 12:20:00.000
615,"Local 13","Planta C",2022-07-30 15:53:00.000
616,"Local 12","Planta C",2022-09-27 04:50:00.000
617,"Local 6","Planta B",2022-01-18 05:03:00.000
618,"Local 7","Planta B",2022-07-24 23:51:00.000
619,"Local 10","Planta E",2022-04-26 04:45:00.000
620,"Local 15","Planta D",2022-04-11 01:21:00.000
621,"Local 1","Planta B",2022-09-16 19:57:00.000
622,"Local 4","Planta B",2022-03-01 08:34:00.000
623,"Local 6","Planta E",2022-06-24 11:58:00.000
624,"Local 13","Planta A",2022-10-03 07:14:00.000
625,"Local 4","Planta B",2022-11-06 20:10:00.000
626,"Local 11","Planta B",2022-09-18 08:12:00.000
627,"Local 2","Planta E",2022-04-18 06:13:00.000
628,"Local 15","Planta B",2022-08-30 02:33:00.000
629,"Local 11","Planta C",2022-04-12 04:14:00.000
630,"Local 6","Planta A",2022-03-29 05:01:00.000
631,"Local 15","Planta D",2022-01-04 10:37:00.000
632,"Local 1","Planta A",2022-01-06 02:44:00.000
633,"Local 11","Planta B",2022-04-01 17:17:00.000
634,"Local 10","Planta C",2022-04-11 19:44:00.000
635,"Local 5","Planta A",2022-06-02 04:41:00.000
636,"Local 9","Planta A",2022-12-08 18:33:00.000
637,"Local 6","Planta A",2022-04-17 20:36:00.000
638,"Local 1","Planta B",2022-04-10 08:35:00.000
639,"Local 13","Planta E",2022-01-30 22:15:00.000
640,"Local 12","Planta E",2022-03-16 02:30:00.000
641,"Local 3","Planta B",2022-02-25 01:48:00.000
642,"Local 7","Planta B",2022-05-26 20:19:00.000
643,"Local 14","Planta A",2022-02-22 13:59:00.000
644,"Local 3","Planta C",2022-10-08 08:39:00.000
645,"Local 13","Planta D",2022-10-01 21:49:00.000
646,"Local 10","Planta A",2022-07-30 04:30:00.000
647,"Local 12","Planta E",2022-04-26 14:20:00.000
648,"Local 11","Planta A",2022-03-14 09:10:00.000
649,"Local 14","Planta C",2022-06-25 02:56:00.000
650,"Local 6","Planta B",2022-01-08 20:00:00.000
651,"Local 5","Planta D",2022-02-26 01:40:00.000
652,"Local 9","Planta C",2022-02-17 16:03:00.000
653,"Local 1","Planta E",2022-02-14 17:38:00.000
654,"Local 8","Planta A",2022-01-30 00:56:00.000
655,"Local 5","Planta B",2022-10-19 07:42:00.000
656,"Local 15","Planta B",2022-08-28 15:59:00.000
657,"Local 9","Planta C",2022-11-07 18:12:00.000
658,"Local 14","Planta E",2022-08-19 15:00:00.000
659,"Local 11","Planta D",2022-02-18 05:17:00.000
660,"Local 10","Planta D",2022-04-20 17:53:00.000
661,"Local 12","Planta E",2022-03-01 02:57:00.000
662,"Local 14","Planta D",2022-12-14 11:12:00.000
663,"Local 6","Planta C",2022-09-25 10:55:00.000
664,"Local 13","Planta E",2022-02-14 12:51:00.000
665,"Local 15","Planta C",2022-12-01 12:38:00.000
666,"Local 6","Planta C",2022-01-26 13:26:00.000
667,"Local 15","Planta C",2022-04-30 12:24:00.000
668,"Local 6","Planta A",2022-12-25 21:36:00.000
669,"Local 10","Planta E",2022-06-17 22:33:00.000
670,"Local 9","Planta A",2022-12-26 16:59:00.000
671,"Local 3","Planta B",2022-11-13 03:54:00.000
672,"Local 9","Planta E",2022-08-17 20:49:00.000
673,"Local 2","Planta E",2022-06-19 20:56:00.000
674,"Local 12","Planta B",2022-06-04 02:47:00.000
675,"Local 4","Planta E",2022-04-04 09:17:00.000
676,"Local 9","Planta E",2022-01-13 20:17:00.000
677,"Local 9","Planta B",2022-08-18 18:07:00.000
678,"Local 3","Planta E",2022-08-13 11:06:00.000
679,"Local 3","Planta A",2022-04-29 06:50:00.000
680,"Local 12","Planta A",2022-08-20 13:29:00.000
681,"Local 5","Planta E",2022-06-30 03:31:00.000
682,"Local 11","Planta D",2022-08-24 17:16:00.000
683,"Local 4","Planta C",2022-08-01 12:34:00.000
684,"Local 14","Planta E",2022-07-07 06:14:00.000
685,"Local 4","Planta D",2022-06-11 02:32:00.000
686,"Local 5","Planta D",2022-11-30 22:18:00.000
687,"Local 2","Planta C",2022-11-28 05:16:00.000
688,"Local 4","Planta A",2022-09-24 01:37:00.000
689,"Local 15","Planta A",2022-01-13 17:09:00.000
690,"Local 12","Planta D",2022-03-04 01:12:00.000
691,"Local 15","Planta C",2022-05-06 17:52:00.000
692,"Local 8","Planta D",2022-04-25 20:24:00.000
693,"Local 4","Planta C",2022-04-14 16:20:00.000
694,"Local 7","Planta E",2022-12-03 11:03:00.000
695,"Local 3","Planta B",2022-10-08 16:03:00.000
696,"Local 9","Planta D",2022-07-26 13:26:00.000
697,"Local 12","Planta A",2022-11-25 21:48:00.000
698,"Local 6","Planta C",2022-08-16 17:45:00.000
699,"Local 10","Planta E",2022-04-14 06:49:00.000
700,"Local 6","Planta A",2022-03-30 05:07:00.000
701,"Local 9","Planta E",2022-07-23 22:37:00.000
702,"Local 11","Planta E",2022-10-20 16:19:00.000
703,"Local 7","Planta E",2022-09-19 13:14:00.000
704,"Local 1","Planta B",2022-09-07 12:46:00.000
705,"Local 1","Planta C",2022-09-23 01:11:00.000
706,"Local 8","Planta C",2022-10-08 01:09:00.000
707,"Local 15","Planta C",2022-01-15 19:00:00.000
708,"Local 14","Planta A",2022-09-09 16:40:00.000
709,"Local 6","Planta A",2022-10-11 12:26:00.000
710,"Local 11","Planta B",2022-12-05 12:17:00.000
711,"Local 13","Planta E",2022-10-20 17:51:00.000
712,"Local 2","Planta B",2022-05-06 13:09:00.000
713,"Local 3","Planta A",2022-03-22 13:20:00.000
714,"Local 14","Planta E",2022-11-29 06:57:00.000
715,"Local 5","Planta A",2022-07-06 00:29:00.000
716,"Local 8","Planta B",2022-12-08 17:20:00.000
717,"Local 10","Planta B",2022-08-10 04:54:00.000
718,"Local 4","Planta A",2022-12-01 08:45:00.000
719,"Local 3","Planta A",2022-07-28 19:52:00.000
720,"Local 1","Planta E",2022-02-06 10:03:00.000
721,"Local 5","Planta A",2022-04-24 06:23:00.000
722,"Local 11","Planta C",2022-09-14 11:43:00.000
723,"Local 9","Planta B",2022-04-26 04:19:00.000
724,"Local 14","Planta C",2022-02-18 03:59:00.000
725,"Local 14","Planta E",2022-01-22 16:01:00.000
726,"Local 1","Planta E",2022-05-11 12:43:00.000
727,"Local 2","Planta A",2022-07-26 16:50:00.000
728,"Local 13","Planta D",2022-05-05 08:48:00.000
729,"Local 9","Planta C",2022-10-31 14:53:00.000
730,"Local 1","Planta C",2022-01-03 08:53:00.000
731,"Local 9","Planta B",2022-01-21 18:13:00.000
732,"Local 12","Planta C",2022-08-27 14:50:00.000
733,"Local 2","Planta A",2022-07-05 21:01:00.000
734,"Local 6","Planta B",2022-01-29 19:39:00.000
735,"Local 7","Planta C",2022-07-23 08:21:00.000
736,"Local 3","Planta D",2022-09-27 05:33:00.000
737,"Local 6","Planta A",2022-01-25 01:21:00.000
738,"Local 15","Planta E",2022-11-20 18:08:00.000
739,"Local 1","Planta B",2022-07-15 12:40:00.000
740,"Local 10","Planta D",2022-06-08 23:19:00.000
741,"Local 12","Planta B",2022-05-23 17:58:00.000
742,"Local 8","Planta A",2022-01-27 06:51:00.000
743,"Local 14","Planta C",2022-07-19 18:29:00.000
744,"Local 13","Planta E",2022-12-05 15:50:00.000
745,"Local 4","Planta A",2022-01-08 04:35:00.000
746,"Local 7","Planta A",2022-07-18 01:11:00.000
747,"Local 13","Planta D",2022-06-22 03:29:00.000
748,"Local 1","Planta D",2022-08-26 00:55:00.000
749,"Local 10","Planta E",2022-08-08 00:33:00.000
750,"Local 13","Planta D",2022-06-18 02:24:00.000
751,"Local 10","Planta B",2022-04-29 06:36:00.000
752,"Local 12","Planta B",2022-06-25 05:17:00.000
753,"Local 8","Planta A",2022-02-24 19:46:00.000
754,"Local 8","Planta E",2022-03-23 06:32:00.000
755,"Local 1","Planta C",2022-10-27 18:14:00.000
756,"Local 1","Planta A",2022-11-13 06:29:00.000
757,"Local 2","Planta B",2022-04-15 10:25:00.000
758,"Local 3","Planta A",2022-11-12 23:25:00.000
759,"Local 10","Planta E",2022-01-28 09:40:00.000
760,"Local 5","Planta C",2022-08-14 02:34:00.000
761,"Local 3","Planta E",2022-03-30 19:51:00.000
762,"Local 9","Planta C",2022-09-03 13:24:00.000
763,"Local 8","Planta C",2022-10-04 22:07:00.000
764,"Local 4","Planta C",2022-08-31 01:01:00.000
765,"Local 9","Planta E",2022-06-16 08:37:00.000
766,"Local 1","Planta E",2022-12-10 10:52:00.000
767,"Local 13","Planta C",2022-08-15 08:35:00.000
768,"Local 10","Planta B",2022-08-28 23:41:00.000
769,"Local 4","Planta C",2022-07-26 06:07:00.000
770,"Local 8","Planta D",2022-10-17 05:46:00.000
771,"Local 15","Planta B",2022-11-28 16:48:00.000
772,"Local 3","Planta D",2022-12-22 22:30:00.000
773,"Local 4","Planta B",2022-01-25 02:32:00.000
774,"Local 12","Planta E",2022-11-02 12:47:00.000
775,"Local 14","Planta E",2022-10-11 07:15:00.000
776,"Local 12","Planta D",2022-01-18 04:33:00.000
777,"Local 15","Planta D",2022-01-12 06:28:00.000
778,"Local 3","Planta B",2022-12-01 09:45:00.000
779,"Local 4","Planta D",2022-02-16 16:25:00.000
780,"Local 6","Planta E",2022-05-15 03:30:00.000
781,"Local 8","Planta D",2022-01-06 10:24:00.000
782,"Local 13","Planta E",2022-10-30 02:27:00.000
783,"Local 15","Planta C",2022-03-31 00:48:00.000
784,"Local 13","Planta E",2022-08-08 10:56:00.000
785,"Local 12","Planta B",2022-09-10 11:50:00.000
786,"Local 13","Planta A",2022-03-02 02:44:00.000
787,"Local 8","Planta C",2022-11-09 13:20:00.000
788,"Local 5","Planta C",2022-11-10 10:47:00.000
789,"Local 4","Planta A",2022-02-16 14:25:00.000
790,"Local 1","Planta B",2022-10-31 13:10:00.000
791,"Local 10","Planta B",2022-08-13 01:08:00.000
792,"Local 11","Planta C",2022-02-17 06:25:00.000
793,"Local 8","Planta B",2022-02-08 12:45:00.000
794,"Local 4","Planta B",2022-06-30 21:53:00.000
795,"Local 13","Planta D",2022-09-20 20:38:00.000
796,"Local 11","Planta B",2022-08-28 03:18:00.000
797,"Local 11","Planta D",2022-09-11 00:53:00.000
798,"Local 14","Planta C",2022-10-07 05:37:00.000
799,"Local 12","Planta E",2022-10-10 09:07:00.000
800,"Local 10","Planta C",2022-12-24 20:47:00.000
801,"Local 8","Planta A",2022-12-13 01:12:00.000
802,"Local 8","Planta E",2022-05-25 02:03:00.000
803,"Local 6","Planta E",2022-02-11 01:07:00.000
804,"Local 4","Planta D",2022-07-17 14:58:00.000
805,"Local 11","Planta E",2022-10-31 14:55:00.000
806,"Local 12","Planta A",2022-01-23 10:06:00.000
807,"Local 9","Planta D",2022-10-23 13:40:00.000
808,"Local 4","Planta B",2022-06-02 07:19:00.000
809,"Local 13","Planta E",2022-01-05 05:07:00.000
810,"Local 1","Planta C",2022-03-29 05:23:00.000
811,"Local 7","Planta B",2022-05-16 04:34:00.000
812,"Local 3","Planta A",2022-08-05 00:10:00.000
813,"Local 4","Planta B",2022-07-19 21:15:00.000
814,"Local 14","Planta A",2022-02-23 13:53:00.000
815,"Local 2","Planta B",2022-07-22 07:27:00.000
816,"Local 10","Planta A",2022-02-03 21:45:00.000
817,"Local 8","Planta C",2022-08-05 00:43:00.000
818,"Local 1","Planta A",2022-08-09 21:46:00.000
819,"Local 3","Planta E",2022-11-30 10:55:00.000
820,"Local 13","Planta E",2022-03-21 11:11:00.000
821,"Local 3","Planta C",2022-05-07 07:51:00.000
822,"Local 8","Planta E",2022-03-29 12:32:00.000
823,"Local 10","Planta E",2022-02-24 11:37:00.000
824,"Local 8","Planta E",2022-12-12 18:06:00.000
825,"Local 4","Planta C",2022-01-23 15:07:00.000
826,"Local 2","Planta C",2022-06-22 22:56:00.000
827,"Local 15","Planta E",2022-05-06 20:00:00.000
828,"Local 13","Planta E",2022-07-17 00:07:00.000
829,"Local 5","Planta E",2022-08-30 14:48:00.000
830,"Local 12","Planta D",2022-07-01 15:02:00.000
831,"Local 6","Planta C",2022-12-17 18:19:00.000
832,"Local 9","Planta B",2022-07-12 00:46:00.000
833,"Local 7","Planta B",2022-11-02 01:23:00.000
834,"Local 1","Planta D",2022-11-19 13:53:00.000
835,"Local 8","Planta A",2022-11-09 19:57:00.000
836,"Local 2","Planta E",2022-12-20 16:07:00.000
837,"Local 14","Planta B",2022-12-24 02:58:00.000
838,"Local 13","Planta B",2022-09-18 19:20:00.000
839,"Local 15","Planta E",2022-10-30 13:51:00.000
840,"Local 4","Planta D",2022-11-22 01:48:00.000
841,"Local 15","Planta B",2022-10-18 23:45:00.000
842,"Local 7","Planta D",2022-05-09 23:03:00.000
843,"Local 3","Planta C",2022-05-21 01:49:00.000
844,"Local 12","Planta B",2022-06-24 00:04:00.000
845,"Local 6","Planta B",2022-04-17 00:22:00.000
846,"Local 14","Planta B",2022-05-20 11:29:00.000
847,"Local 7","Planta C",2022-12-14 03:14:00.000
848,"Local 10","Planta D",2022-08-15 21:42:00.000
849,"Local 14","Planta E",2022-01-14 20:14:00.000
850,"Local 11","Planta B",2022-03-19 03:34:00.000
851,"Local 5","Planta D",2022-05-01 12:41:00.000
852,"Local 9","Planta B",2022-09-04 02:59:00.000
853,"Local 6","Planta E",2022-02-26 16:40:00.000
854,"Local 12","Planta D",2022-04-18 09:04:00.000
855,"Local 9","Planta E",2022-12-02 19:29:00.000
856,"Local 3","Planta B",2022-02-18 23:13:00.000
857,"Local 6","Planta A",2022-01-15 05:34:00.000
858,"Local 4","Planta D",2022-12-13 10:43:00.000
859,"Local 2","Planta D",2022-07-20 21:44:00.000
860,"Local 3","Planta D",2022-03-25 05:03:00.000
861,"Local 10","Planta E",2022-04-02 00:25:00.000
862,"Local 8","Planta D",2022-10-21 23:47:00.000
863,"Local 15","Planta E",2022-03-14 23:56:00.000
864,"Local 5","Planta D",2022-02-13 05:33:00.000
865,"Local 6","Planta D",2022-12-21 11:49:00.000
866,"Local 12","Planta E",2022-09-26 09:54:00.000
867,"Local 7","Planta D",2022-03-05 21:42:00.000
868,"Local 2","Planta B",2022-04-04 14:10:00.000
869,"Local 13","Planta E",2022-12-21 04:27:00.000
870,"Local 3","Planta D",2022-12-05 13:02:00.000
871,"Local 7","Planta D",2022-12-18 20:45:00.000
872,"Local 14","Planta A",2022-10-08 19:51:00.000
873,"Local 15","Planta A",2022-07-26 21:38:00.000
874,"Local 10","Planta A",2022-11-13 15:54:00.000
875,"Local 9","Planta D",2022-03-30 19:48:00.000
876,"Local 13","Planta D",2022-03-02 10:58:00.000
877,"Local 5","Planta C",2022-03-17 13:00:00.000
878,"Local 4","Planta A",2022-07-12 16:28:00.000
879,"Local 5","Planta C",2022-08-05 15:39:00.000
880,"Local 5","Planta B",2022-02-10 19:36:00.000
881,"Local 1","Planta B",2022-08-26 23:10:00.000
882,"Local 2","Planta C",2022-01-27 07:38:00.000
883,"Local 15","Planta D",2022-06-17 21:10:00.000
884,"Local 13","Planta D",2022-05-21 22:07:00.000
885,"Local 13","Planta E",2022-11-27 04:23:00.000
886,"Local 4","Planta C",2022-09-12 09:55:00.000
887,"Local 8","Planta A",2022-04-03 10:05:00.000
888,"Local 11","Planta D",2022-12-10 12:21:00.000
889,"Local 14","Planta E",2022-09-14 07:39:00.000
890,"Local 11","Planta D",2022-02-28 04:59:00.000
891,"Local 4","Planta D",2022-10-07 13:36:00.000
892,"Local 7","Planta D",2022-03-06 02:05:00.000
893,"Local 3","Planta D",2022-05-22 16:34:00.000
894,"Local 3","Planta C",2022-12-14 05:40:00.000
895,"Local 9","Planta E",2022-08-12 07:11:00.000
896,"Local 11","Planta B",2022-02-20 21:06:00.000
897,"Local 7","Planta D",2022-05-06 11:28:00.000
898,"Local 2","Planta B",2022-11-07 23:47:00.000
899,"Local 4","Planta D",2022-05-09 16:59:00.000
900,"Local 4","Planta B",2022-09-25 15:44:00.000
901,"Local 1","Planta D",2022-07-16 20:09:00.000
902,"Local 5","Planta E",2022-09-06 19:30:00.000
903,"Local 11","Planta A",2022-04-22 15:34:00.000
904,"Local 9","Planta C",2022-04-02 06:56:00.000
905,"Local 5","Planta B",2022-07-27 14:54:00.000
906,"Local 15","Planta D",2022-06-20 16:57:00.000
907,"Local 5","Planta E",2022-12-05 08:03:00.000
908,"Local 13","Planta B",2022-07-30 18:53:00.000
909,"Local 9","Planta C",2022-01-11 05:08:00.000
910,"Local 15","Planta E",2022-04-26 19:26:00.000
911,"Local 8","Planta B",2022-08-16 17:02:00.000
912,"Local 5","Planta E",2022-08-22 01:02:00.000
913,"Local 13","Planta A",2022-03-15 04:21:00.000
914,"Local 2","Planta A",2022-02-12 09:41:00.000
915,"Local 9","Planta E",2022-04-03 06:04:00.000
916,"Local 10","Planta D",2022-09-01 15:47:00.000
917,"Local 6","Planta A",2022-10-14 10:37:00.000
918,"Local 11","Planta B",2022-09-17 14:19:00.000
919,"Local 5","Planta A",2022-03-26 23:41:00.000
920,"Local 15","Planta D",2022-03-02 11:26:00.000
921,"Local 3","Planta E",2022-10-23 19:09:00.000
922,"Local 6","Planta E",2022-06-16 22:18:00.000
923,"Local 1","Planta B",2022-07-28 13:36:00.000
924,"Local 3","Planta B",2022-12-24 11:50:00.000
925,"Local 13","Planta C",2022-06-28 01:33:00.000
926,"Local 9","Planta D",2022-11-28 11:53:00.000
927,"Local 9","Planta A",2022-05-19 05:15:00.000
928,"Local 13","Planta B",2022-09-29 20:15:00.000
929,"Local 14","Planta C",2022-11-19 19:28:00.000
930,"Local 1","Planta E",2022-03-31 15:03:00.000
931,"Local 9","Planta B",2022-01-24 02:17:00.000
932,"Local 9","Planta D",2022-02-13 20:19:00.000
933,"Local 4","Planta B",2022-10-26 18:51:00.000
934,"Local 3","Planta B",2022-10-03 05:38:00.000
935,"Local 7","Planta C",2022-08-26 22:49:00.000
936,"Local 7","Planta A",2022-06-28 23:36:00.000
937,"Local 3","Planta C",2022-07-13 17:08:00.000
938,"Local 10","Planta B",2022-10-10 19:18:00.000
939,"Local 8","Planta A",2022-12-14 13:03:00.000
940,"Local 15","Planta E",2022-01-26 16:06:00.000
941,"Local 11","Planta E",2022-10-26 12:41:00.000
942,"Local 4","Planta E",2022-01-31 19:47:00.000
943,"Local 12","Planta E",2022-11-24 11:54:00.000
944,"Local 1","Planta D",2022-08-17 19:15:00.000
945,"Local 6","Planta B",2022-06-19 16:49:00.000
946,"Local 14","Planta B",2022-06-20 21:44:00.000
947,"Local 4","Planta E",2022-04-10 01:05:00.000
948,"Local 12","Planta A",2022-09-23 16:34:00.000
949,"Local 15","Planta C",2022-04-13 18:43:00.000
950,"Local 10","Planta D",2022-04-19 00:14:00.000
951,"Local 4","Planta D",2022-01-24 17:04:00.000
952,"Local 7","Planta C",2022-09-21 16:35:00.000
953,"Local 9","Planta B",2022-10-11 02:24:00.000
954,"Local 3","Planta E",2022-05-28 01:34:00.000
955,"Local 9","Planta A",2022-02-08 17:04:00.000
956,"Local 14","Planta E",2022-10-15 04:40:00.000
957,"Local 2","Planta D",2022-11-06 00:41:00.000
958,"Local 15","Planta D",2022-12-19 16:23:00.000
959,"Local 7","Planta A",2022-09-12 10:57:00.000
960,"Local 2","Planta C",2022-07-07 14:25:00.000
961,"Local 9","Planta C",2022-08-14 15:50:00.000
962,"Local 3","Planta D",2022-10-15 10:25:00.000
963,"Local 13","Planta B",2022-03-26 14:33:00.000
964,"Local 4","Planta A",2022-07-28 06:14:00.000
965,"Local 2","Planta D",2022-10-26 15:48:00.000
966,"Local 1","Planta C",2022-07-22 10:28:00.000
967,"Local 11","Planta C",2022-06-20 06:57:00.000
968,"Local 14","Planta D",2022-06-14 05:01:00.000
969,"Local 8","Planta B",2022-09-10 10:22:00.000
970,"Local 4","Planta C",2022-04-23 13:04:00.000
971,"Local 12","Planta E",2022-09-17 19:46:00.000
972,"Local 5","Planta A",2022-03-15 19:50:00.000
973,"Local 3","Planta A",2022-11-15 22:53:00.000
974,"Local 15","Planta B",2022-09-04 02:26:00.000
975,"Local 12","Planta D",2022-09-17 02:25:00.000
976,"Local 7","Planta E",2022-03-15 23:48:00.000
977,"Local 14","Planta A",2022-02-19 23:33:00.000
978,"Local 4","Planta B",2022-10-23 11:20:00.000
979,"Local 7","Planta A",2022-10-16 23:01:00.000
980,"Local 6","Planta D",2022-07-25 03:53:00.000
981,"Local 7","Planta C",2022-08-27 14:56:00.000
982,"Local 10","Planta E",2022-01-10 22:30:00.000
983,"Local 4","Planta B",2022-05-20 01:03:00.000
984,"Local 13","Planta C",2022-04-13 04:25:00.000
985,"Local 10","Planta C",2022-11-21 01:10:00.000
986,"Local 5","Planta E",2022-08-16 23:20:00.000
987,"Local 7","Planta A",2022-09-19 20:36:00.000
988,"Local 12","Planta E",2022-01-02 16:00:00.000
989,"Local 8","Planta D",2022-05-22 21:51:00.000
990,"Local 13","Planta B",2022-01-09 20:00:00.000
991,"Local 11","Planta A",2022-01-19 03:50:00.000
992,"Local 11","Planta D",2022-09-05 20:36:00.000
993,"Local 12","Planta B",2022-10-21 21:12:00.000
994,"Local 13","Planta D",2022-02-19 09:02:00.000
995,"Local 8","Planta C",2022-04-22 04:32:00.000
996,"Local 5","Planta A",2022-04-05 23:57:00.000
997,"Local 12","Planta A",2022-11-15 09:21:00.000
998,"Local 6","Planta A",2022-08-01 22:12:00.000
999,"Local 8","Planta A",2022-03-20 07:46:00.000
1000,"Local 10","Planta D",2022-05-03 06:38:00.000
1001,"Local 13","Planta B",2022-02-11 00:49:00.000
1002,"Local 12","Planta E",2022-01-27 22:46:00.000
1003,"Local 9","Planta D",2022-01-02 09:44:00.000
1004,"Local 12","Planta E",2022-02-10 14:09:00.000
1005,"Local 2","Planta B",2022-01-19 21:46:00.000
1006,"Local 12","Planta D",2022-08-29 22:35:00.000
1007,"Local 1","Planta E",2022-08-31 19:14:00.000
1008,"Local 9","Planta D",2022-02-12 23:59:00.000
1009,"Local 11","Planta D",2022-10-16 19:33:00.000
1010,"Local 15","Planta B",2022-04-29 13:49:00.000
1011,"Local 1","Planta E",2022-01-12 06:50:00.000
1012,"Local 13","Planta A",2022-10-24 14:55:00.000
1013,"Local 13","Planta B",2022-09-09 01:33:00.000
1014,"Local 10","Planta C",2022-04-20 22:57:00.000
1015,"Local 6","Planta A",2022-12-06 06:22:00.000
1016,"Local 2","Planta A",2022-03-30 18:15:00.000
